query_id,model,provider,condition,run,latency_ms
Q1,claude-haiku-4.5,bedrock,with_rerank,1,62.9
Q1,claude-haiku-4.5,bedrock,with_rerank,2,124.6
Q1,claude-haiku-4.5,bedrock,with_rerank,3,228.5
Q2,claude-haiku-4.5,bedrock,with_rerank,1,88.9
Q2,claude-haiku-4.5,bedrock,with_rerank,2,103.4
Q2,claude-haiku-4.5,bedrock,with_rerank,3,122.9
Q3,claude-haiku-4.5,bedrock,with_rerank,1,49.9
Q3,claude-haiku-4.5,bedrock,with_rerank,2,66.2
Q3,claude-haiku-4.5,bedrock,with_rerank,3,85.2
Q4,claude-haiku-4.5,bedrock,with_rerank,1,79.7
Q4,claude-haiku-4.5,bedrock,with_rerank,2,92.0
Q4,claude-haiku-4.5,bedrock,with_rerank,3,110.8
Q5,claude-haiku-4.5,bedrock,with_rerank,1,110.2
Q5,claude-haiku-4.5,bedrock,with_rerank,2,122.4
Q5,claude-haiku-4.5,bedrock,with_rerank,3,142.6
Q6,claude-haiku-4.5,bedrock,with_rerank,1,74.9
Q6,claude-haiku-4.5,bedrock,with_rerank,2,82.1
Q6,claude-haiku-4.5,bedrock,with_rerank,3,96.5
Q7,claude-haiku-4.5,bedrock,with_rerank,1,79.2
Q7,claude-haiku-4.5,bedrock,with_rerank,2,88.2
Q7,claude-haiku-4.5,bedrock,with_rerank,3,103.5
Q8,claude-haiku-4.5,bedrock,with_rerank,1,80.6
Q8,claude-haiku-4.5,bedrock,with_rerank,2,89.4
Q8,claude-haiku-4.5,bedrock,with_rerank,3,106.2
Q9,claude-haiku-4.5,bedrock,with_rerank,1,41.7
Q9,claude-haiku-4.5,bedrock,with_rerank,2,50.3
Q9,claude-haiku-4.5,bedrock,with_rerank,3,65.5
Q10,claude-haiku-4.5,bedrock,with_rerank,1,44.7
Q10,claude-haiku-4.5,bedrock,with_rerank,2,52.4
Q10,claude-haiku-4.5,bedrock,with_rerank,3,66.5
Q11,claude-haiku-4.5,bedrock,with_rerank,1,75.7
Q11,claude-haiku-4.5,bedrock,with_rerank,2,84.8
Q11,claude-haiku-4.5,bedrock,with_rerank,3,101.1
Q12,claude-haiku-4.5,bedrock,with_rerank,1,56.8
Q12,claude-haiku-4.5,bedrock,with_rerank,2,63.8
Q12,claude-haiku-4.5,bedrock,with_rerank,3,77.0
Q13,claude-haiku-4.5,bedrock,with_rerank,1,57.3
Q13,claude-haiku-4.5,bedrock,with_rerank,2,68.0
Q13,claude-haiku-4.5,bedrock,with_rerank,3,87.9
Q14,claude-haiku-4.5,bedrock,with_rerank,1,80.0
Q14,claude-haiku-4.5,bedrock,with_rerank,2,88.0
Q14,claude-haiku-4.5,bedrock,with_rerank,3,103.6
Q15,claude-haiku-4.5,bedrock,with_rerank,1,88.3
Q15,claude-haiku-4.5,bedrock,with_rerank,2,95.2
Q15,claude-haiku-4.5,bedrock,with_rerank,3,109.0
Q16,claude-haiku-4.5,bedrock,with_rerank,1,48.8
Q16,claude-haiku-4.5,bedrock,with_rerank,2,56.3
Q16,claude-haiku-4.5,bedrock,with_rerank,3,68.8
Q17,claude-haiku-4.5,bedrock,with_rerank,1,45.9
Q17,claude-haiku-4.5,bedrock,with_rerank,2,54.8
Q17,claude-haiku-4.5,bedrock,with_rerank,3,72.0
Q18,claude-haiku-4.5,bedrock,with_rerank,1,47.0
Q18,claude-haiku-4.5,bedrock,with_rerank,2,55.1
Q18,claude-haiku-4.5,bedrock,with_rerank,3,70.5
Q19,claude-haiku-4.5,bedrock,with_rerank,1,63.1
Q19,claude-haiku-4.5,bedrock,with_rerank,2,72.1
Q19,claude-haiku-4.5,bedrock,with_rerank,3,88.6
Q20,claude-haiku-4.5,bedrock,with_rerank,1,63.5
Q20,claude-haiku-4.5,bedrock,with_rerank,2,72.4
Q20,claude-haiku-4.5,bedrock,with_rerank,3,89.8
Q1,claude-haiku-4.5,bedrock,without_rerank,1,47.3
Q1,claude-haiku-4.5,bedrock,without_rerank,2,49.9
Q1,claude-haiku-4.5,bedrock,without_rerank,3,51.4
Q2,claude-haiku-4.5,bedrock,without_rerank,1,58.6
Q2,claude-haiku-4.5,bedrock,without_rerank,2,62.3
Q2,claude-haiku-4.5,bedrock,without_rerank,3,66.1
Q3,claude-haiku-4.5,bedrock,without_rerank,1,36.1
Q3,claude-haiku-4.5,bedrock,without_rerank,2,39.4
Q3,claude-haiku-4.5,bedrock,without_rerank,3,41.3
Q4,claude-haiku-4.5,bedrock,without_rerank,1,46.8
Q4,claude-haiku-4.5,bedrock,without_rerank,2,50.4
Q4,claude-haiku-4.5,bedrock,without_rerank,3,53.6
Q5,claude-haiku-4.5,bedrock,without_rerank,1,76.7
Q5,claude-haiku-4.5,bedrock,without_rerank,2,80.6
Q5,claude-haiku-4.5,bedrock,without_rerank,3,83.3
Q6,claude-haiku-4.5,bedrock,without_rerank,1,59.1
Q6,claude-haiku-4.5,bedrock,without_rerank,2,60.8
Q6,claude-haiku-4.5,bedrock,without_rerank,3,62.2
Q7,claude-haiku-4.5,bedrock,without_rerank,1,49.2
Q7,claude-haiku-4.5,bedrock,without_rerank,2,52.1
Q7,claude-haiku-4.5,bedrock,without_rerank,3,54.1
Q8,claude-haiku-4.5,bedrock,without_rerank,1,67.2
Q8,claude-haiku-4.5,bedrock,without_rerank,2,69.4
Q8,claude-haiku-4.5,bedrock,without_rerank,3,71.4
Q9,claude-haiku-4.5,bedrock,without_rerank,1,34.7
Q9,claude-haiku-4.5,bedrock,without_rerank,2,35.3
Q9,claude-haiku-4.5,bedrock,without_rerank,3,35.8
Q10,claude-haiku-4.5,bedrock,without_rerank,1,32.6
Q10,claude-haiku-4.5,bedrock,without_rerank,2,33.7
Q10,claude-haiku-4.5,bedrock,without_rerank,3,34.4
Q11,claude-haiku-4.5,bedrock,without_rerank,1,56.5
Q11,claude-haiku-4.5,bedrock,without_rerank,2,57.6
Q11,claude-haiku-4.5,bedrock,without_rerank,3,58.6
Q12,claude-haiku-4.5,bedrock,without_rerank,1,31.2
Q12,claude-haiku-4.5,bedrock,without_rerank,2,33.5
Q12,claude-haiku-4.5,bedrock,without_rerank,3,34.9
Q13,claude-haiku-4.5,bedrock,without_rerank,1,47.3
Q13,claude-haiku-4.5,bedrock,without_rerank,2,48.6
Q13,claude-haiku-4.5,bedrock,without_rerank,3,49.6
Q14,claude-haiku-4.5,bedrock,without_rerank,1,50.0
Q14,claude-haiku-4.5,bedrock,without_rerank,2,52.4
Q14,claude-haiku-4.5,bedrock,without_rerank,3,54.8
Q15,claude-haiku-4.5,bedrock,without_rerank,1,53.5
Q15,claude-haiku-4.5,bedrock,without_rerank,2,54.3
Q15,claude-haiku-4.5,bedrock,without_rerank,3,55.2
Q16,claude-haiku-4.5,bedrock,without_rerank,1,31.8
Q16,claude-haiku-4.5,bedrock,without_rerank,2,32.5
Q16,claude-haiku-4.5,bedrock,without_rerank,3,33.2
Q17,claude-haiku-4.5,bedrock,without_rerank,1,33.3
Q17,claude-haiku-4.5,bedrock,without_rerank,2,34.2
Q17,claude-haiku-4.5,bedrock,without_rerank,3,34.6
Q18,claude-haiku-4.5,bedrock,without_rerank,1,34.3
Q18,claude-haiku-4.5,bedrock,without_rerank,2,35.3
Q18,claude-haiku-4.5,bedrock,without_rerank,3,35.9
Q19,claude-haiku-4.5,bedrock,without_rerank,1,37.7
Q19,claude-haiku-4.5,bedrock,without_rerank,2,38.3
Q19,claude-haiku-4.5,bedrock,without_rerank,3,39.3
Q20,claude-haiku-4.5,bedrock,without_rerank,1,35.5
Q20,claude-haiku-4.5,bedrock,without_rerank,2,36.1
Q20,claude-haiku-4.5,bedrock,without_rerank,3,36.4
Q1,llama-3.3-70b,openrouter,with_rerank,1,70.73
Q1,llama-3.3-70b,openrouter,with_rerank,2,53.25
Q1,llama-3.3-70b,openrouter,with_rerank,3,52.65
Q2,llama-3.3-70b,openrouter,with_rerank,1,98.4
Q2,llama-3.3-70b,openrouter,with_rerank,2,82.65
Q2,llama-3.3-70b,openrouter,with_rerank,3,80.98
Q3,llama-3.3-70b,openrouter,with_rerank,1,61.8
Q3,llama-3.3-70b,openrouter,with_rerank,2,48.02
Q3,llama-3.3-70b,openrouter,with_rerank,3,44.81
Q4,llama-3.3-70b,openrouter,with_rerank,1,88.56
Q4,llama-3.3-70b,openrouter,with_rerank,2,73.14
Q4,llama-3.3-70b,openrouter,with_rerank,3,75.29
Q5,llama-3.3-70b,openrouter,with_rerank,1,115.63
Q5,llama-3.3-70b,openrouter,with_rerank,2,92.86
Q5,llama-3.3-70b,openrouter,with_rerank,3,93.42
Q6,llama-3.3-70b,openrouter,with_rerank,1,90.38
Q6,llama-3.3-70b,openrouter,with_rerank,2,71.89
Q6,llama-3.3-70b,openrouter,with_rerank,3,70.78
Q7,llama-3.3-70b,openrouter,with_rerank,1,92.05
Q7,llama-3.3-70b,openrouter,with_rerank,2,73.26
Q7,llama-3.3-70b,openrouter,with_rerank,3,73.28
Q8,llama-3.3-70b,openrouter,with_rerank,1,88.71
Q8,llama-3.3-70b,openrouter,with_rerank,2,71.86
Q8,llama-3.3-70b,openrouter,with_rerank,3,70.08
Q9,llama-3.3-70b,openrouter,with_rerank,1,56.45
Q9,llama-3.3-70b,openrouter,with_rerank,2,37.44
Q9,llama-3.3-70b,openrouter,with_rerank,3,36.41
Q10,llama-3.3-70b,openrouter,with_rerank,1,54.9
Q10,llama-3.3-70b,openrouter,with_rerank,2,37.42
Q10,llama-3.3-70b,openrouter,with_rerank,3,38.43
Q11,llama-3.3-70b,openrouter,with_rerank,1,81.46
Q11,llama-3.3-70b,openrouter,with_rerank,2,64.33
Q11,llama-3.3-70b,openrouter,with_rerank,3,64.91
Q12,llama-3.3-70b,openrouter,with_rerank,1,64.39
Q12,llama-3.3-70b,openrouter,with_rerank,2,52.38
Q12,llama-3.3-70b,openrouter,with_rerank,3,47.42
Q13,llama-3.3-70b,openrouter,with_rerank,1,67.67
Q13,llama-3.3-70b,openrouter,with_rerank,2,48.83
Q13,llama-3.3-70b,openrouter,with_rerank,3,44.39
Q14,llama-3.3-70b,openrouter,with_rerank,1,91.68
Q14,llama-3.3-70b,openrouter,with_rerank,2,73.46
Q14,llama-3.3-70b,openrouter,with_rerank,3,74.87
Q15,llama-3.3-70b,openrouter,with_rerank,1,90.1
Q15,llama-3.3-70b,openrouter,with_rerank,2,72.47
Q15,llama-3.3-70b,openrouter,with_rerank,3,75.32
Q16,llama-3.3-70b,openrouter,with_rerank,1,58.91
Q16,llama-3.3-70b,openrouter,with_rerank,2,41.21
Q16,llama-3.3-70b,openrouter,with_rerank,3,40.37
Q17,llama-3.3-70b,openrouter,with_rerank,1,57.06
Q17,llama-3.3-70b,openrouter,with_rerank,2,37.63
Q17,llama-3.3-70b,openrouter,with_rerank,3,37.93
Q18,llama-3.3-70b,openrouter,with_rerank,1,58.5
Q18,llama-3.3-70b,openrouter,with_rerank,2,40.23
Q18,llama-3.3-70b,openrouter,with_rerank,3,39.85
Q19,llama-3.3-70b,openrouter,with_rerank,1,71.56
Q19,llama-3.3-70b,openrouter,with_rerank,2,52.1
Q19,llama-3.3-70b,openrouter,with_rerank,3,52.54
Q20,llama-3.3-70b,openrouter,with_rerank,1,74.5
Q20,llama-3.3-70b,openrouter,with_rerank,2,64.04
Q20,llama-3.3-70b,openrouter,with_rerank,3,65.05
Q1,llama-3.3-70b,openrouter,without_rerank,1,38.97
Q1,llama-3.3-70b,openrouter,without_rerank,2,40.49
Q1,llama-3.3-70b,openrouter,without_rerank,3,40.85
Q2,llama-3.3-70b,openrouter,without_rerank,1,50.85
Q2,llama-3.3-70b,openrouter,without_rerank,2,52.96
Q2,llama-3.3-70b,openrouter,without_rerank,3,54.32
Q3,llama-3.3-70b,openrouter,without_rerank,1,32.01
Q3,llama-3.3-70b,openrouter,without_rerank,2,34.18
Q3,llama-3.3-70b,openrouter,without_rerank,3,34.33
Q4,llama-3.3-70b,openrouter,without_rerank,1,46.9
Q4,llama-3.3-70b,openrouter,without_rerank,2,51.34
Q4,llama-3.3-70b,openrouter,without_rerank,3,48.62
Q5,llama-3.3-70b,openrouter,without_rerank,1,66.87
Q5,llama-3.3-70b,openrouter,without_rerank,2,70.07
Q5,llama-3.3-70b,openrouter,without_rerank,3,69.53
Q6,llama-3.3-70b,openrouter,without_rerank,1,55.68
Q6,llama-3.3-70b,openrouter,without_rerank,2,58.15
Q6,llama-3.3-70b,openrouter,without_rerank,3,57.37
Q7,llama-3.3-70b,openrouter,without_rerank,1,43.88
Q7,llama-3.3-70b,openrouter,without_rerank,2,46.06
Q7,llama-3.3-70b,openrouter,without_rerank,3,45.71
Q8,llama-3.3-70b,openrouter,without_rerank,1,59.37
Q8,llama-3.3-70b,openrouter,without_rerank,2,58.81
Q8,llama-3.3-70b,openrouter,without_rerank,3,59.25
Q9,llama-3.3-70b,openrouter,without_rerank,1,27.53
Q9,llama-3.3-70b,openrouter,without_rerank,2,28.82
Q9,llama-3.3-70b,openrouter,without_rerank,3,27.86
Q10,llama-3.3-70b,openrouter,without_rerank,1,28.12
Q10,llama-3.3-70b,openrouter,without_rerank,2,28.49
Q10,llama-3.3-70b,openrouter,without_rerank,3,28.73
Q11,llama-3.3-70b,openrouter,without_rerank,1,49.8
Q11,llama-3.3-70b,openrouter,without_rerank,2,49.43
Q11,llama-3.3-70b,openrouter,without_rerank,3,48.93
Q12,llama-3.3-70b,openrouter,without_rerank,1,27.47
Q12,llama-3.3-70b,openrouter,without_rerank,2,27.99
Q12,llama-3.3-70b,openrouter,without_rerank,3,29.24
Q13,llama-3.3-70b,openrouter,without_rerank,1,33.34
Q13,llama-3.3-70b,openrouter,without_rerank,2,36.72
Q13,llama-3.3-70b,openrouter,without_rerank,3,35.62
Q14,llama-3.3-70b,openrouter,without_rerank,1,48.37
Q14,llama-3.3-70b,openrouter,without_rerank,2,44.68
Q14,llama-3.3-70b,openrouter,without_rerank,3,45.84
Q15,llama-3.3-70b,openrouter,without_rerank,1,45.39
Q15,llama-3.3-70b,openrouter,without_rerank,2,44.85
Q15,llama-3.3-70b,openrouter,without_rerank,3,45.83
Q16,llama-3.3-70b,openrouter,without_rerank,1,27.07
Q16,llama-3.3-70b,openrouter,without_rerank,2,27.86
Q16,llama-3.3-70b,openrouter,without_rerank,3,27.32
Q17,llama-3.3-70b,openrouter,without_rerank,1,27.65
Q17,llama-3.3-70b,openrouter,without_rerank,2,28.87
Q17,llama-3.3-70b,openrouter,without_rerank,3,29.0
Q18,llama-3.3-70b,openrouter,without_rerank,1,29.83
Q18,llama-3.3-70b,openrouter,without_rerank,2,28.33
Q18,llama-3.3-70b,openrouter,without_rerank,3,29.7
Q19,llama-3.3-70b,openrouter,without_rerank,1,33.84
Q19,llama-3.3-70b,openrouter,without_rerank,2,35.53
Q19,llama-3.3-70b,openrouter,without_rerank,3,35.06
Q20,llama-3.3-70b,openrouter,without_rerank,1,29.74
Q20,llama-3.3-70b,openrouter,without_rerank,2,34.38
Q20,llama-3.3-70b,openrouter,without_rerank,3,31.48
Q1,mistral-devstral-2512,openrouter,with_rerank,1,130.35
Q1,mistral-devstral-2512,openrouter,with_rerank,2,52.11
Q1,mistral-devstral-2512,openrouter,with_rerank,3,50.93
Q2,mistral-devstral-2512,openrouter,with_rerank,1,104.81
Q2,mistral-devstral-2512,openrouter,with_rerank,2,85.9
Q2,mistral-devstral-2512,openrouter,with_rerank,3,82.54
Q3,mistral-devstral-2512,openrouter,with_rerank,1,69.03
Q3,mistral-devstral-2512,openrouter,with_rerank,2,49.13
Q3,mistral-devstral-2512,openrouter,with_rerank,3,48.25
Q4,mistral-devstral-2512,openrouter,with_rerank,1,88.69
Q4,mistral-devstral-2512,openrouter,with_rerank,2,71.92
Q4,mistral-devstral-2512,openrouter,with_rerank,3,71.9
Q5,mistral-devstral-2512,openrouter,with_rerank,1,117.02
Q5,mistral-devstral-2512,openrouter,with_rerank,2,104.8
Q5,mistral-devstral-2512,openrouter,with_rerank,3,100.99
Q6,mistral-devstral-2512,openrouter,with_rerank,1,96.19
Q6,mistral-devstral-2512,openrouter,with_rerank,2,80.29
Q6,mistral-devstral-2512,openrouter,with_rerank,3,78.32
Q7,mistral-devstral-2512,openrouter,with_rerank,1,91.78
Q7,mistral-devstral-2512,openrouter,with_rerank,2,76.73
Q7,mistral-devstral-2512,openrouter,with_rerank,3,78.49
Q8,mistral-devstral-2512,openrouter,with_rerank,1,95.13
Q8,mistral-devstral-2512,openrouter,with_rerank,2,70.85
Q8,mistral-devstral-2512,openrouter,with_rerank,3,70.64
Q9,mistral-devstral-2512,openrouter,with_rerank,1,57.38
Q9,mistral-devstral-2512,openrouter,with_rerank,2,37.45
Q9,mistral-devstral-2512,openrouter,with_rerank,3,36.93
Q10,mistral-devstral-2512,openrouter,with_rerank,1,56.07
Q10,mistral-devstral-2512,openrouter,with_rerank,2,38.86
Q10,mistral-devstral-2512,openrouter,with_rerank,3,38.34
Q11,mistral-devstral-2512,openrouter,with_rerank,1,80.53
Q11,mistral-devstral-2512,openrouter,with_rerank,2,64.81
Q11,mistral-devstral-2512,openrouter,with_rerank,3,65.64
Q12,mistral-devstral-2512,openrouter,with_rerank,1,64.66
Q12,mistral-devstral-2512,openrouter,with_rerank,2,46.23
Q12,mistral-devstral-2512,openrouter,with_rerank,3,46.36
Q13,mistral-devstral-2512,openrouter,with_rerank,1,65.08
Q13,mistral-devstral-2512,openrouter,with_rerank,2,43.78
Q13,mistral-devstral-2512,openrouter,with_rerank,3,43.58
Q14,mistral-devstral-2512,openrouter,with_rerank,1,88.58
Q14,mistral-devstral-2512,openrouter,with_rerank,2,67.8
Q14,mistral-devstral-2512,openrouter,with_rerank,3,68.14
Q15,mistral-devstral-2512,openrouter,with_rerank,1,87.8
Q15,mistral-devstral-2512,openrouter,with_rerank,2,71.61
Q15,mistral-devstral-2512,openrouter,with_rerank,3,73.49
Q16,mistral-devstral-2512,openrouter,with_rerank,1,57.82
Q16,mistral-devstral-2512,openrouter,with_rerank,2,39.97
Q16,mistral-devstral-2512,openrouter,with_rerank,3,40.27
Q17,mistral-devstral-2512,openrouter,with_rerank,1,55.88
Q17,mistral-devstral-2512,openrouter,with_rerank,2,39.27
Q17,mistral-devstral-2512,openrouter,with_rerank,3,39.27
Q18,mistral-devstral-2512,openrouter,with_rerank,1,60.83
Q18,mistral-devstral-2512,openrouter,with_rerank,2,42.2
Q18,mistral-devstral-2512,openrouter,with_rerank,3,44.53
Q19,mistral-devstral-2512,openrouter,with_rerank,1,214.95
Q19,mistral-devstral-2512,openrouter,with_rerank,2,199.55
Q19,mistral-devstral-2512,openrouter,with_rerank,3,138.53
Q20,mistral-devstral-2512,openrouter,with_rerank,1,235.01
Q20,mistral-devstral-2512,openrouter,with_rerank,2,167.06
Q20,mistral-devstral-2512,openrouter,with_rerank,3,56.4
Q1,mistral-devstral-2512,openrouter,without_rerank,1,39.91
Q1,mistral-devstral-2512,openrouter,without_rerank,2,41.88
Q1,mistral-devstral-2512,openrouter,without_rerank,3,41.7
Q2,mistral-devstral-2512,openrouter,without_rerank,1,52.92
Q2,mistral-devstral-2512,openrouter,without_rerank,2,55.15
Q2,mistral-devstral-2512,openrouter,without_rerank,3,57.68
Q3,mistral-devstral-2512,openrouter,without_rerank,1,34.49
Q3,mistral-devstral-2512,openrouter,without_rerank,2,34.73
Q3,mistral-devstral-2512,openrouter,without_rerank,3,34.41
Q4,mistral-devstral-2512,openrouter,without_rerank,1,42.97
Q4,mistral-devstral-2512,openrouter,without_rerank,2,43.09
Q4,mistral-devstral-2512,openrouter,without_rerank,3,46.36
Q5,mistral-devstral-2512,openrouter,without_rerank,1,70.2
Q5,mistral-devstral-2512,openrouter,without_rerank,2,72.04
Q5,mistral-devstral-2512,openrouter,without_rerank,3,70.7
Q6,mistral-devstral-2512,openrouter,without_rerank,1,59.52
Q6,mistral-devstral-2512,openrouter,without_rerank,2,60.01
Q6,mistral-devstral-2512,openrouter,without_rerank,3,57.71
Q7,mistral-devstral-2512,openrouter,without_rerank,1,49.46
Q7,mistral-devstral-2512,openrouter,without_rerank,2,53.52
Q7,mistral-devstral-2512,openrouter,without_rerank,3,54.18
Q8,mistral-devstral-2512,openrouter,without_rerank,1,56.81
Q8,mistral-devstral-2512,openrouter,without_rerank,2,57.91
Q8,mistral-devstral-2512,openrouter,without_rerank,3,58.02
Q9,mistral-devstral-2512,openrouter,without_rerank,1,26.31
Q9,mistral-devstral-2512,openrouter,without_rerank,2,28.45
Q9,mistral-devstral-2512,openrouter,without_rerank,3,28.47
Q10,mistral-devstral-2512,openrouter,without_rerank,1,30.84
Q10,mistral-devstral-2512,openrouter,without_rerank,2,30.04
Q10,mistral-devstral-2512,openrouter,without_rerank,3,29.11
Q11,mistral-devstral-2512,openrouter,without_rerank,1,49.78
Q11,mistral-devstral-2512,openrouter,without_rerank,2,50.7
Q11,mistral-devstral-2512,openrouter,without_rerank,3,49.41
Q12,mistral-devstral-2512,openrouter,without_rerank,1,26.9
Q12,mistral-devstral-2512,openrouter,without_rerank,2,27.88
Q12,mistral-devstral-2512,openrouter,without_rerank,3,28.22
Q13,mistral-devstral-2512,openrouter,without_rerank,1,33.0
Q13,mistral-devstral-2512,openrouter,without_rerank,2,34.96
Q13,mistral-devstral-2512,openrouter,without_rerank,3,35.56
Q14,mistral-devstral-2512,openrouter,without_rerank,1,41.22
Q14,mistral-devstral-2512,openrouter,without_rerank,2,42.78
Q14,mistral-devstral-2512,openrouter,without_rerank,3,41.73
Q15,mistral-devstral-2512,openrouter,without_rerank,1,42.3
Q15,mistral-devstral-2512,openrouter,without_rerank,2,45.6
Q15,mistral-devstral-2512,openrouter,without_rerank,3,45.62
Q16,mistral-devstral-2512,openrouter,without_rerank,1,26.39
Q16,mistral-devstral-2512,openrouter,without_rerank,2,27.36
Q16,mistral-devstral-2512,openrouter,without_rerank,3,27.39
Q17,mistral-devstral-2512,openrouter,without_rerank,1,29.1
Q17,mistral-devstral-2512,openrouter,without_rerank,2,30.62
Q17,mistral-devstral-2512,openrouter,without_rerank,3,30.14
Q18,mistral-devstral-2512,openrouter,without_rerank,1,79.59
Q18,mistral-devstral-2512,openrouter,without_rerank,2,83.29
Q18,mistral-devstral-2512,openrouter,without_rerank,3,42.23
Q19,mistral-devstral-2512,openrouter,without_rerank,1,81.92
Q19,mistral-devstral-2512,openrouter,without_rerank,2,53.74
Q19,mistral-devstral-2512,openrouter,without_rerank,3,75.17
Q20,mistral-devstral-2512,openrouter,without_rerank,1,29.1
Q20,mistral-devstral-2512,openrouter,without_rerank,2,29.82
Q20,mistral-devstral-2512,openrouter,without_rerank,3,30.46
Q1,qwen-2.5-coder-32b,openrouter,with_rerank,1,88.94
Q1,qwen-2.5-coder-32b,openrouter,with_rerank,2,60.39
Q1,qwen-2.5-coder-32b,openrouter,with_rerank,3,62.17
Q2,qwen-2.5-coder-32b,openrouter,with_rerank,1,104.23
Q2,qwen-2.5-coder-32b,openrouter,with_rerank,2,84.06
Q2,qwen-2.5-coder-32b,openrouter,with_rerank,3,85.73
Q3,qwen-2.5-coder-32b,openrouter,with_rerank,1,72.24
Q3,qwen-2.5-coder-32b,openrouter,with_rerank,2,56.17
Q3,qwen-2.5-coder-32b,openrouter,with_rerank,3,45.56
Q4,qwen-2.5-coder-32b,openrouter,with_rerank,1,96.34
Q4,qwen-2.5-coder-32b,openrouter,with_rerank,2,74.87
Q4,qwen-2.5-coder-32b,openrouter,with_rerank,3,72.68
Q5,qwen-2.5-coder-32b,openrouter,with_rerank,1,110.87
Q5,qwen-2.5-coder-32b,openrouter,with_rerank,2,91.97
Q5,qwen-2.5-coder-32b,openrouter,with_rerank,3,92.44
Q6,qwen-2.5-coder-32b,openrouter,with_rerank,1,91.18
Q6,qwen-2.5-coder-32b,openrouter,with_rerank,2,82.92
Q6,qwen-2.5-coder-32b,openrouter,with_rerank,3,72.32
Q7,qwen-2.5-coder-32b,openrouter,with_rerank,1,103.39
Q7,qwen-2.5-coder-32b,openrouter,with_rerank,2,89.66
Q7,qwen-2.5-coder-32b,openrouter,with_rerank,3,85.63
Q8,qwen-2.5-coder-32b,openrouter,with_rerank,1,90.65
Q8,qwen-2.5-coder-32b,openrouter,with_rerank,2,71.44
Q8,qwen-2.5-coder-32b,openrouter,with_rerank,3,70.87
Q9,qwen-2.5-coder-32b,openrouter,with_rerank,1,54.46
Q9,qwen-2.5-coder-32b,openrouter,with_rerank,2,38.54
Q9,qwen-2.5-coder-32b,openrouter,with_rerank,3,40.28
Q10,qwen-2.5-coder-32b,openrouter,with_rerank,1,59.05
Q10,qwen-2.5-coder-32b,openrouter,with_rerank,2,38.35
Q10,qwen-2.5-coder-32b,openrouter,with_rerank,3,38.81
Q11,qwen-2.5-coder-32b,openrouter,with_rerank,1,88.38
Q11,qwen-2.5-coder-32b,openrouter,with_rerank,2,67.64
Q11,qwen-2.5-coder-32b,openrouter,with_rerank,3,66.19
Q12,qwen-2.5-coder-32b,openrouter,with_rerank,1,64.2
Q12,qwen-2.5-coder-32b,openrouter,with_rerank,2,45.51
Q12,qwen-2.5-coder-32b,openrouter,with_rerank,3,46.29
Q13,qwen-2.5-coder-32b,openrouter,with_rerank,1,60.1
Q13,qwen-2.5-coder-32b,openrouter,with_rerank,2,43.82
Q13,qwen-2.5-coder-32b,openrouter,with_rerank,3,45.06
Q14,qwen-2.5-coder-32b,openrouter,with_rerank,1,85.78
Q14,qwen-2.5-coder-32b,openrouter,with_rerank,2,70.16
Q14,qwen-2.5-coder-32b,openrouter,with_rerank,3,67.94
Q15,qwen-2.5-coder-32b,openrouter,with_rerank,1,88.27
Q15,qwen-2.5-coder-32b,openrouter,with_rerank,2,79.5
Q15,qwen-2.5-coder-32b,openrouter,with_rerank,3,71.53
Q16,qwen-2.5-coder-32b,openrouter,with_rerank,1,57.95
Q16,qwen-2.5-coder-32b,openrouter,with_rerank,2,39.54
Q16,qwen-2.5-coder-32b,openrouter,with_rerank,3,39.37
Q17,qwen-2.5-coder-32b,openrouter,with_rerank,1,54.12
Q17,qwen-2.5-coder-32b,openrouter,with_rerank,2,38.58
Q17,qwen-2.5-coder-32b,openrouter,with_rerank,3,38.7
Q18,qwen-2.5-coder-32b,openrouter,with_rerank,1,58.68
Q18,qwen-2.5-coder-32b,openrouter,with_rerank,2,40.48
Q18,qwen-2.5-coder-32b,openrouter,with_rerank,3,39.96
Q19,qwen-2.5-coder-32b,openrouter,with_rerank,1,72.04
Q19,qwen-2.5-coder-32b,openrouter,with_rerank,2,52.54
Q19,qwen-2.5-coder-32b,openrouter,with_rerank,3,52.94
Q20,qwen-2.5-coder-32b,openrouter,with_rerank,1,69.3
Q20,qwen-2.5-coder-32b,openrouter,with_rerank,2,53.92
Q20,qwen-2.5-coder-32b,openrouter,with_rerank,3,53.03
Q1,qwen-2.5-coder-32b,openrouter,without_rerank,1,43.75
Q1,qwen-2.5-coder-32b,openrouter,without_rerank,2,45.01
Q1,qwen-2.5-coder-32b,openrouter,without_rerank,3,42.84
Q2,qwen-2.5-coder-32b,openrouter,without_rerank,1,56.75
Q2,qwen-2.5-coder-32b,openrouter,without_rerank,2,58.3
Q2,qwen-2.5-coder-32b,openrouter,without_rerank,3,58.09
Q3,qwen-2.5-coder-32b,openrouter,without_rerank,1,35.18
Q3,qwen-2.5-coder-32b,openrouter,without_rerank,2,37.24
Q3,qwen-2.5-coder-32b,openrouter,without_rerank,3,36.83
Q4,qwen-2.5-coder-32b,openrouter,without_rerank,1,43.02
Q4,qwen-2.5-coder-32b,openrouter,without_rerank,2,43.37
Q4,qwen-2.5-coder-32b,openrouter,without_rerank,3,44.4
Q5,qwen-2.5-coder-32b,openrouter,without_rerank,1,72.77
Q5,qwen-2.5-coder-32b,openrouter,without_rerank,2,73.2
Q5,qwen-2.5-coder-32b,openrouter,without_rerank,3,71.53
Q6,qwen-2.5-coder-32b,openrouter,without_rerank,1,58.15
Q6,qwen-2.5-coder-32b,openrouter,without_rerank,2,58.7
Q6,qwen-2.5-coder-32b,openrouter,without_rerank,3,58.78
Q7,qwen-2.5-coder-32b,openrouter,without_rerank,1,47.58
Q7,qwen-2.5-coder-32b,openrouter,without_rerank,2,46.14
Q7,qwen-2.5-coder-32b,openrouter,without_rerank,3,47.51
Q8,qwen-2.5-coder-32b,openrouter,without_rerank,1,59.86
Q8,qwen-2.5-coder-32b,openrouter,without_rerank,2,59.14
Q8,qwen-2.5-coder-32b,openrouter,without_rerank,3,58.26
Q9,qwen-2.5-coder-32b,openrouter,without_rerank,1,30.17
Q9,qwen-2.5-coder-32b,openrouter,without_rerank,2,30.45
Q9,qwen-2.5-coder-32b,openrouter,without_rerank,3,31.06
Q10,qwen-2.5-coder-32b,openrouter,without_rerank,1,27.59
Q10,qwen-2.5-coder-32b,openrouter,without_rerank,2,29.72
Q10,qwen-2.5-coder-32b,openrouter,without_rerank,3,31.15
Q11,qwen-2.5-coder-32b,openrouter,without_rerank,1,46.78
Q11,qwen-2.5-coder-32b,openrouter,without_rerank,2,48.14
Q11,qwen-2.5-coder-32b,openrouter,without_rerank,3,50.16
Q12,qwen-2.5-coder-32b,openrouter,without_rerank,1,27.02
Q12,qwen-2.5-coder-32b,openrouter,without_rerank,2,26.34
Q12,qwen-2.5-coder-32b,openrouter,without_rerank,3,27.48
Q13,qwen-2.5-coder-32b,openrouter,without_rerank,1,35.19
Q13,qwen-2.5-coder-32b,openrouter,without_rerank,2,35.52
Q13,qwen-2.5-coder-32b,openrouter,without_rerank,3,36.2
Q14,qwen-2.5-coder-32b,openrouter,without_rerank,1,42.49
Q14,qwen-2.5-coder-32b,openrouter,without_rerank,2,44.19
Q14,qwen-2.5-coder-32b,openrouter,without_rerank,3,43.41
Q15,qwen-2.5-coder-32b,openrouter,without_rerank,1,41.84
Q15,qwen-2.5-coder-32b,openrouter,without_rerank,2,44.75
Q15,qwen-2.5-coder-32b,openrouter,without_rerank,3,45.54
Q16,qwen-2.5-coder-32b,openrouter,without_rerank,1,27.34
Q16,qwen-2.5-coder-32b,openrouter,without_rerank,2,27.18
Q16,qwen-2.5-coder-32b,openrouter,without_rerank,3,27.68
Q17,qwen-2.5-coder-32b,openrouter,without_rerank,1,27.02
Q17,qwen-2.5-coder-32b,openrouter,without_rerank,2,29.88
Q17,qwen-2.5-coder-32b,openrouter,without_rerank,3,28.44
Q18,qwen-2.5-coder-32b,openrouter,without_rerank,1,30.72
Q18,qwen-2.5-coder-32b,openrouter,without_rerank,2,29.26
Q18,qwen-2.5-coder-32b,openrouter,without_rerank,3,30.2
Q19,qwen-2.5-coder-32b,openrouter,without_rerank,1,30.57
Q19,qwen-2.5-coder-32b,openrouter,without_rerank,2,32.08
Q19,qwen-2.5-coder-32b,openrouter,without_rerank,3,32.09
Q20,qwen-2.5-coder-32b,openrouter,without_rerank,1,28.67
Q20,qwen-2.5-coder-32b,openrouter,without_rerank,2,29.99
Q20,qwen-2.5-coder-32b,openrouter,without_rerank,3,29.62
